{"parent":"minecraft:item/generated","textures":{"layer0":"minecraft:item/leather_horse_armor"},"overrides":[{"predicate":{"custom_model_data":1},"model":"modelengine:dragon_desert/upper_body"},{"predicate":{"custom_model_data":2},"model":"modelengine:dragon_desert/stomach"},{"predicate":{"custom_model_data":3},"model":"modelengine:dragon_desert/chest"},{"predicate":{"custom_model_data":4},"model":"modelengine:dragon_desert/upper_neck"},{"predicate":{"custom_model_data":5},"model":"modelengine:dragon_desert/head"},{"predicate":{"custom_model_data":6},"model":"modelengine:dragon_desert/jaw"},{"predicate":{"custom_model_data":7},"model":"modelengine:dragon_desert/neck"},{"predicate":{"custom_model_data":8},"model":"modelengine:dragon_desert/left_wing"},{"predicate":{"custom_model_data":9},"model":"modelengine:dragon_desert/left_wing_mid"},{"predicate":{"custom_model_data":10},"model":"modelengine:dragon_desert/left_wing_end"},{"predicate":{"custom_model_data":11},"model":"modelengine:dragon_desert/right_wing"},{"predicate":{"custom_model_data":12},"model":"modelengine:dragon_desert/right_wing_mid"},{"predicate":{"custom_model_data":13},"model":"modelengine:dragon_desert/right_wing_end"},{"predicate":{"custom_model_data":14},"model":"modelengine:dragon_desert/left_arm"},{"predicate":{"custom_model_data":15},"model":"modelengine:dragon_desert/left_wrist"},{"predicate":{"custom_model_data":16},"model":"modelengine:dragon_desert/left_hand"},{"predicate":{"custom_model_data":17},"model":"modelengine:dragon_desert/right_arm"},{"predicate":{"custom_model_data":18},"model":"modelengine:dragon_desert/right_wrist"},{"predicate":{"custom_model_data":19},"model":"modelengine:dragon_desert/right_hand"},{"predicate":{"custom_model_data":20},"model":"modelengine:dragon_desert/tail"},{"predicate":{"custom_model_data":21},"model":"modelengine:dragon_desert/tail_2"},{"predicate":{"custom_model_data":22},"model":"modelengine:dragon_desert/tail_3"},{"predicate":{"custom_model_data":23},"model":"modelengine:dragon_desert/tail_end"},{"predicate":{"custom_model_data":24},"model":"modelengine:dragon_desert/left_thigh"},{"predicate":{"custom_model_data":25},"model":"modelengine:dragon_desert/left_leg"},{"predicate":{"custom_model_data":26},"model":"modelengine:dragon_desert/left_ankle"},{"predicate":{"custom_model_data":27},"model":"modelengine:dragon_desert/left_foot"},{"predicate":{"custom_model_data":28},"model":"modelengine:dragon_desert/right_thigh"},{"predicate":{"custom_model_data":29},"model":"modelengine:dragon_desert/right_leg"},{"predicate":{"custom_model_data":30},"model":"modelengine:dragon_desert/right_ankle"},{"predicate":{"custom_model_data":31},"model":"modelengine:dragon_desert/right_foot"},{"predicate":{"custom_model_data":32},"model":"modelengine:dragon_glacial/upper_body"},{"predicate":{"custom_model_data":33},"model":"modelengine:dragon_glacial/stomach"},{"predicate":{"custom_model_data":34},"model":"modelengine:dragon_glacial/chest"},{"predicate":{"custom_model_data":35},"model":"modelengine:dragon_glacial/upper_neck"},{"predicate":{"custom_model_data":36},"model":"modelengine:dragon_glacial/head"},{"predicate":{"custom_model_data":37},"model":"modelengine:dragon_glacial/jaw"},{"predicate":{"custom_model_data":38},"model":"modelengine:dragon_glacial/neck"},{"predicate":{"custom_model_data":39},"model":"modelengine:dragon_glacial/left_wing"},{"predicate":{"custom_model_data":40},"model":"modelengine:dragon_glacial/left_wing_mid"},{"predicate":{"custom_model_data":41},"model":"modelengine:dragon_glacial/left_wing_end"},{"predicate":{"custom_model_data":42},"model":"modelengine:dragon_glacial/right_wing"},{"predicate":{"custom_model_data":43},"model":"modelengine:dragon_glacial/right_wing_mid"},{"predicate":{"custom_model_data":44},"model":"modelengine:dragon_glacial/right_wing_end"},{"predicate":{"custom_model_data":45},"model":"modelengine:dragon_glacial/left_arm"},{"predicate":{"custom_model_data":46},"model":"modelengine:dragon_glacial/left_wrist"},{"predicate":{"custom_model_data":47},"model":"modelengine:dragon_glacial/left_hand"},{"predicate":{"custom_model_data":48},"model":"modelengine:dragon_glacial/right_arm"},{"predicate":{"custom_model_data":49},"model":"modelengine:dragon_glacial/right_wrist"},{"predicate":{"custom_model_data":50},"model":"modelengine:dragon_glacial/right_hand"},{"predicate":{"custom_model_data":51},"model":"modelengine:dragon_glacial/tail"},{"predicate":{"custom_model_data":52},"model":"modelengine:dragon_glacial/tail_2"},{"predicate":{"custom_model_data":53},"model":"modelengine:dragon_glacial/tail_3"},{"predicate":{"custom_model_data":54},"model":"modelengine:dragon_glacial/tail_end"},{"predicate":{"custom_model_data":55},"model":"modelengine:dragon_glacial/left_thigh"},{"predicate":{"custom_model_data":56},"model":"modelengine:dragon_glacial/left_leg"},{"predicate":{"custom_model_data":57},"model":"modelengine:dragon_glacial/left_ankle"},{"predicate":{"custom_model_data":58},"model":"modelengine:dragon_glacial/left_foot"},{"predicate":{"custom_model_data":59},"model":"modelengine:dragon_glacial/right_thigh"},{"predicate":{"custom_model_data":60},"model":"modelengine:dragon_glacial/right_leg"},{"predicate":{"custom_model_data":61},"model":"modelengine:dragon_glacial/right_ankle"},{"predicate":{"custom_model_data":62},"model":"modelengine:dragon_glacial/right_foot"},{"predicate":{"custom_model_data":63},"model":"modelengine:dragon_nether/upper_body"},{"predicate":{"custom_model_data":64},"model":"modelengine:dragon_nether/stomach"},{"predicate":{"custom_model_data":65},"model":"modelengine:dragon_nether/chest"},{"predicate":{"custom_model_data":66},"model":"modelengine:dragon_nether/upper_neck"},{"predicate":{"custom_model_data":67},"model":"modelengine:dragon_nether/head"},{"predicate":{"custom_model_data":68},"model":"modelengine:dragon_nether/jaw"},{"predicate":{"custom_model_data":69},"model":"modelengine:dragon_nether/neck"},{"predicate":{"custom_model_data":70},"model":"modelengine:dragon_nether/left_wing"},{"predicate":{"custom_model_data":71},"model":"modelengine:dragon_nether/left_wing_mid"},{"predicate":{"custom_model_data":72},"model":"modelengine:dragon_nether/left_wing_end"},{"predicate":{"custom_model_data":73},"model":"modelengine:dragon_nether/right_wing"},{"predicate":{"custom_model_data":74},"model":"modelengine:dragon_nether/right_wing_mid"},{"predicate":{"custom_model_data":75},"model":"modelengine:dragon_nether/right_wing_end"},{"predicate":{"custom_model_data":76},"model":"modelengine:dragon_nether/left_arm"},{"predicate":{"custom_model_data":77},"model":"modelengine:dragon_nether/left_wrist"},{"predicate":{"custom_model_data":78},"model":"modelengine:dragon_nether/left_hand"},{"predicate":{"custom_model_data":79},"model":"modelengine:dragon_nether/right_arm"},{"predicate":{"custom_model_data":80},"model":"modelengine:dragon_nether/right_wrist"},{"predicate":{"custom_model_data":81},"model":"modelengine:dragon_nether/right_hand"},{"predicate":{"custom_model_data":82},"model":"modelengine:dragon_nether/tail"},{"predicate":{"custom_model_data":83},"model":"modelengine:dragon_nether/tail_2"},{"predicate":{"custom_model_data":84},"model":"modelengine:dragon_nether/tail_3"},{"predicate":{"custom_model_data":85},"model":"modelengine:dragon_nether/tail_end"},{"predicate":{"custom_model_data":86},"model":"modelengine:dragon_nether/left_thigh"},{"predicate":{"custom_model_data":87},"model":"modelengine:dragon_nether/left_leg"},{"predicate":{"custom_model_data":88},"model":"modelengine:dragon_nether/left_ankle"},{"predicate":{"custom_model_data":89},"model":"modelengine:dragon_nether/left_foot"},{"predicate":{"custom_model_data":90},"model":"modelengine:dragon_nether/right_thigh"},{"predicate":{"custom_model_data":91},"model":"modelengine:dragon_nether/right_leg"},{"predicate":{"custom_model_data":92},"model":"modelengine:dragon_nether/right_ankle"},{"predicate":{"custom_model_data":93},"model":"modelengine:dragon_nether/right_foot"},{"predicate":{"custom_model_data":94},"model":"modelengine:dragon_sculk/upper_body"},{"predicate":{"custom_model_data":95},"model":"modelengine:dragon_sculk/stomach"},{"predicate":{"custom_model_data":96},"model":"modelengine:dragon_sculk/chest"},{"predicate":{"custom_model_data":97},"model":"modelengine:dragon_sculk/upper_neck"},{"predicate":{"custom_model_data":98},"model":"modelengine:dragon_sculk/head"},{"predicate":{"custom_model_data":99},"model":"modelengine:dragon_sculk/jaw"},{"predicate":{"custom_model_data":100},"model":"modelengine:dragon_sculk/neck"},{"predicate":{"custom_model_data":101},"model":"modelengine:dragon_sculk/left_wing"},{"predicate":{"custom_model_data":102},"model":"modelengine:dragon_sculk/left_wing_mid"},{"predicate":{"custom_model_data":103},"model":"modelengine:dragon_sculk/left_wing_end"},{"predicate":{"custom_model_data":104},"model":"modelengine:dragon_sculk/right_wing"},{"predicate":{"custom_model_data":105},"model":"modelengine:dragon_sculk/right_wing_mid"},{"predicate":{"custom_model_data":106},"model":"modelengine:dragon_sculk/right_wing_end"},{"predicate":{"custom_model_data":107},"model":"modelengine:dragon_sculk/left_arm"},{"predicate":{"custom_model_data":108},"model":"modelengine:dragon_sculk/left_wrist"},{"predicate":{"custom_model_data":109},"model":"modelengine:dragon_sculk/left_hand"},{"predicate":{"custom_model_data":110},"model":"modelengine:dragon_sculk/right_arm"},{"predicate":{"custom_model_data":111},"model":"modelengine:dragon_sculk/right_wrist"},{"predicate":{"custom_model_data":112},"model":"modelengine:dragon_sculk/right_hand"},{"predicate":{"custom_model_data":113},"model":"modelengine:dragon_sculk/tail"},{"predicate":{"custom_model_data":114},"model":"modelengine:dragon_sculk/tail_2"},{"predicate":{"custom_model_data":115},"model":"modelengine:dragon_sculk/tail_3"},{"predicate":{"custom_model_data":116},"model":"modelengine:dragon_sculk/tail_end"},{"predicate":{"custom_model_data":117},"model":"modelengine:dragon_sculk/left_thigh"},{"predicate":{"custom_model_data":118},"model":"modelengine:dragon_sculk/left_leg"},{"predicate":{"custom_model_data":119},"model":"modelengine:dragon_sculk/left_ankle"},{"predicate":{"custom_model_data":120},"model":"modelengine:dragon_sculk/left_foot"},{"predicate":{"custom_model_data":121},"model":"modelengine:dragon_sculk/right_thigh"},{"predicate":{"custom_model_data":122},"model":"modelengine:dragon_sculk/right_leg"},{"predicate":{"custom_model_data":123},"model":"modelengine:dragon_sculk/right_ankle"},{"predicate":{"custom_model_data":124},"model":"modelengine:dragon_sculk/right_foot"},{"predicate":{"custom_model_data":125},"model":"modelengine:lizard_aqua/upper_body"},{"predicate":{"custom_model_data":126},"model":"modelengine:lizard_aqua/chest"},{"predicate":{"custom_model_data":127},"model":"modelengine:lizard_aqua/neck"},{"predicate":{"custom_model_data":128},"model":"modelengine:lizard_aqua/head"},{"predicate":{"custom_model_data":129},"model":"modelengine:lizard_aqua/jaw"},{"predicate":{"custom_model_data":130},"model":"modelengine:lizard_aqua/left_arm"},{"predicate":{"custom_model_data":131},"model":"modelengine:lizard_aqua/left_wrist"},{"predicate":{"custom_model_data":132},"model":"modelengine:lizard_aqua/left_hand"},{"predicate":{"custom_model_data":133},"model":"modelengine:lizard_aqua/right_arm"},{"predicate":{"custom_model_data":134},"model":"modelengine:lizard_aqua/right_wrist"},{"predicate":{"custom_model_data":135},"model":"modelengine:lizard_aqua/right_hand"},{"predicate":{"custom_model_data":136},"model":"modelengine:lizard_aqua/tail"},{"predicate":{"custom_model_data":137},"model":"modelengine:lizard_aqua/tail_2"},{"predicate":{"custom_model_data":138},"model":"modelengine:lizard_aqua/tail_3"},{"predicate":{"custom_model_data":139},"model":"modelengine:lizard_aqua/tail_end"},{"predicate":{"custom_model_data":140},"model":"modelengine:lizard_lava/upper_body"},{"predicate":{"custom_model_data":141},"model":"modelengine:lizard_lava/chest"},{"predicate":{"custom_model_data":142},"model":"modelengine:lizard_lava/neck"},{"predicate":{"custom_model_data":143},"model":"modelengine:lizard_lava/head"},{"predicate":{"custom_model_data":144},"model":"modelengine:lizard_lava/jaw"},{"predicate":{"custom_model_data":145},"model":"modelengine:lizard_lava/left_arm"},{"predicate":{"custom_model_data":146},"model":"modelengine:lizard_lava/left_wrist"},{"predicate":{"custom_model_data":147},"model":"modelengine:lizard_lava/left_hand"},{"predicate":{"custom_model_data":148},"model":"modelengine:lizard_lava/right_arm"},{"predicate":{"custom_model_data":149},"model":"modelengine:lizard_lava/right_wrist"},{"predicate":{"custom_model_data":150},"model":"modelengine:lizard_lava/right_hand"},{"predicate":{"custom_model_data":151},"model":"modelengine:lizard_lava/tail"},{"predicate":{"custom_model_data":152},"model":"modelengine:lizard_lava/tail_2"},{"predicate":{"custom_model_data":153},"model":"modelengine:lizard_lava/tail_3"},{"predicate":{"custom_model_data":154},"model":"modelengine:lizard_lava/tail_end"},{"predicate":{"custom_model_data":155},"model":"modelengine:manticore_aether/left_thigh"},{"predicate":{"custom_model_data":156},"model":"modelengine:manticore_aether/left_leg"},{"predicate":{"custom_model_data":157},"model":"modelengine:manticore_aether/left_ankle"},{"predicate":{"custom_model_data":158},"model":"modelengine:manticore_aether/left_foot"},{"predicate":{"custom_model_data":159},"model":"modelengine:manticore_aether/right_thigh"},{"predicate":{"custom_model_data":160},"model":"modelengine:manticore_aether/right_leg"},{"predicate":{"custom_model_data":161},"model":"modelengine:manticore_aether/right_ankle"},{"predicate":{"custom_model_data":162},"model":"modelengine:manticore_aether/right_foot"},{"predicate":{"custom_model_data":163},"model":"modelengine:manticore_aether/upper_body"},{"predicate":{"custom_model_data":164},"model":"modelengine:manticore_aether/stomach"},{"predicate":{"custom_model_data":165},"model":"modelengine:manticore_aether/chest"},{"predicate":{"custom_model_data":166},"model":"modelengine:manticore_aether/head"},{"predicate":{"custom_model_data":167},"model":"modelengine:manticore_aether/jaw"},{"predicate":{"custom_model_data":168},"model":"modelengine:manticore_aether/left_braid"},{"predicate":{"custom_model_data":169},"model":"modelengine:manticore_aether/left_braid_end"},{"predicate":{"custom_model_data":170},"model":"modelengine:manticore_aether/right_braid"},{"predicate":{"custom_model_data":171},"model":"modelengine:manticore_aether/right_braid_end"},{"predicate":{"custom_model_data":172},"model":"modelengine:manticore_aether/left_arm"},{"predicate":{"custom_model_data":173},"model":"modelengine:manticore_aether/left_hand"},{"predicate":{"custom_model_data":174},"model":"modelengine:manticore_aether/left_wrist"},{"predicate":{"custom_model_data":175},"model":"modelengine:manticore_aether/right_arm"},{"predicate":{"custom_model_data":176},"model":"modelengine:manticore_aether/right_hand"},{"predicate":{"custom_model_data":177},"model":"modelengine:manticore_aether/right_wrist"},{"predicate":{"custom_model_data":178},"model":"modelengine:manticore_aether/left_wing"},{"predicate":{"custom_model_data":179},"model":"modelengine:manticore_aether/left_wing_end"},{"predicate":{"custom_model_data":180},"model":"modelengine:manticore_aether/right_wing"},{"predicate":{"custom_model_data":181},"model":"modelengine:manticore_aether/right_wing_end"},{"predicate":{"custom_model_data":182},"model":"modelengine:manticore_aether/tail"},{"predicate":{"custom_model_data":183},"model":"modelengine:manticore_aether/tail_2"},{"predicate":{"custom_model_data":184},"model":"modelengine:manticore_aether/tail_3"},{"predicate":{"custom_model_data":185},"model":"modelengine:manticore_aether/tail_end"},{"predicate":{"custom_model_data":186},"model":"modelengine:manticore_dusk/left_thigh"},{"predicate":{"custom_model_data":187},"model":"modelengine:manticore_dusk/left_leg"},{"predicate":{"custom_model_data":188},"model":"modelengine:manticore_dusk/left_ankle"},{"predicate":{"custom_model_data":189},"model":"modelengine:manticore_dusk/left_foot"},{"predicate":{"custom_model_data":190},"model":"modelengine:manticore_dusk/right_thigh"},{"predicate":{"custom_model_data":191},"model":"modelengine:manticore_dusk/right_leg"},{"predicate":{"custom_model_data":192},"model":"modelengine:manticore_dusk/right_ankle"},{"predicate":{"custom_model_data":193},"model":"modelengine:manticore_dusk/right_foot"},{"predicate":{"custom_model_data":194},"model":"modelengine:manticore_dusk/upper_body"},{"predicate":{"custom_model_data":195},"model":"modelengine:manticore_dusk/stomach"},{"predicate":{"custom_model_data":196},"model":"modelengine:manticore_dusk/chest"},{"predicate":{"custom_model_data":197},"model":"modelengine:manticore_dusk/head"},{"predicate":{"custom_model_data":198},"model":"modelengine:manticore_dusk/jaw"},{"predicate":{"custom_model_data":199},"model":"modelengine:manticore_dusk/left_braid"},{"predicate":{"custom_model_data":200},"model":"modelengine:manticore_dusk/left_braid_end"},{"predicate":{"custom_model_data":201},"model":"modelengine:manticore_dusk/right_braid"},{"predicate":{"custom_model_data":202},"model":"modelengine:manticore_dusk/right_braid_end"},{"predicate":{"custom_model_data":203},"model":"modelengine:manticore_dusk/left_arm"},{"predicate":{"custom_model_data":204},"model":"modelengine:manticore_dusk/left_hand"},{"predicate":{"custom_model_data":205},"model":"modelengine:manticore_dusk/left_wrist"},{"predicate":{"custom_model_data":206},"model":"modelengine:manticore_dusk/right_arm"},{"predicate":{"custom_model_data":207},"model":"modelengine:manticore_dusk/right_hand"},{"predicate":{"custom_model_data":208},"model":"modelengine:manticore_dusk/right_wrist"},{"predicate":{"custom_model_data":209},"model":"modelengine:manticore_dusk/left_wing"},{"predicate":{"custom_model_data":210},"model":"modelengine:manticore_dusk/left_wing_end"},{"predicate":{"custom_model_data":211},"model":"modelengine:manticore_dusk/right_wing"},{"predicate":{"custom_model_data":212},"model":"modelengine:manticore_dusk/right_wing_end"},{"predicate":{"custom_model_data":213},"model":"modelengine:manticore_dusk/tail"},{"predicate":{"custom_model_data":214},"model":"modelengine:manticore_dusk/tail_2"},{"predicate":{"custom_model_data":215},"model":"modelengine:manticore_dusk/tail_3"},{"predicate":{"custom_model_data":216},"model":"modelengine:manticore_dusk/tail_end"},{"predicate":{"custom_model_data":217},"model":"modelengine:manticore_soul/left_thigh"},{"predicate":{"custom_model_data":218},"model":"modelengine:manticore_soul/left_leg"},{"predicate":{"custom_model_data":219},"model":"modelengine:manticore_soul/left_ankle"},{"predicate":{"custom_model_data":220},"model":"modelengine:manticore_soul/left_foot"},{"predicate":{"custom_model_data":221},"model":"modelengine:manticore_soul/right_thigh"},{"predicate":{"custom_model_data":222},"model":"modelengine:manticore_soul/right_leg"},{"predicate":{"custom_model_data":223},"model":"modelengine:manticore_soul/right_ankle"},{"predicate":{"custom_model_data":224},"model":"modelengine:manticore_soul/right_foot"},{"predicate":{"custom_model_data":225},"model":"modelengine:manticore_soul/upper_body"},{"predicate":{"custom_model_data":226},"model":"modelengine:manticore_soul/stomach"},{"predicate":{"custom_model_data":227},"model":"modelengine:manticore_soul/chest"},{"predicate":{"custom_model_data":228},"model":"modelengine:manticore_soul/head"},{"predicate":{"custom_model_data":229},"model":"modelengine:manticore_soul/jaw"},{"predicate":{"custom_model_data":230},"model":"modelengine:manticore_soul/left_braid"},{"predicate":{"custom_model_data":231},"model":"modelengine:manticore_soul/left_braid_end"},{"predicate":{"custom_model_data":232},"model":"modelengine:manticore_soul/right_braid"},{"predicate":{"custom_model_data":233},"model":"modelengine:manticore_soul/right_braid_end"},{"predicate":{"custom_model_data":234},"model":"modelengine:manticore_soul/left_arm"},{"predicate":{"custom_model_data":235},"model":"modelengine:manticore_soul/left_hand"},{"predicate":{"custom_model_data":236},"model":"modelengine:manticore_soul/left_wrist"},{"predicate":{"custom_model_data":237},"model":"modelengine:manticore_soul/right_arm"},{"predicate":{"custom_model_data":238},"model":"modelengine:manticore_soul/right_hand"},{"predicate":{"custom_model_data":239},"model":"modelengine:manticore_soul/right_wrist"},{"predicate":{"custom_model_data":240},"model":"modelengine:manticore_soul/left_wing"},{"predicate":{"custom_model_data":241},"model":"modelengine:manticore_soul/left_wing_end"},{"predicate":{"custom_model_data":242},"model":"modelengine:manticore_soul/right_wing"},{"predicate":{"custom_model_data":243},"model":"modelengine:manticore_soul/right_wing_end"},{"predicate":{"custom_model_data":244},"model":"modelengine:manticore_soul/tail"},{"predicate":{"custom_model_data":245},"model":"modelengine:manticore_soul/tail_2"},{"predicate":{"custom_model_data":246},"model":"modelengine:manticore_soul/tail_3"},{"predicate":{"custom_model_data":247},"model":"modelengine:manticore_soul/tail_end"},{"predicate":{"custom_model_data":248},"model":"modelengine:manticore_venom/left_thigh"},{"predicate":{"custom_model_data":249},"model":"modelengine:manticore_venom/left_leg"},{"predicate":{"custom_model_data":250},"model":"modelengine:manticore_venom/left_ankle"},{"predicate":{"custom_model_data":251},"model":"modelengine:manticore_venom/left_foot"},{"predicate":{"custom_model_data":252},"model":"modelengine:manticore_venom/right_thigh"},{"predicate":{"custom_model_data":253},"model":"modelengine:manticore_venom/right_leg"},{"predicate":{"custom_model_data":254},"model":"modelengine:manticore_venom/right_ankle"},{"predicate":{"custom_model_data":255},"model":"modelengine:manticore_venom/right_foot"},{"predicate":{"custom_model_data":256},"model":"modelengine:manticore_venom/upper_body"},{"predicate":{"custom_model_data":257},"model":"modelengine:manticore_venom/stomach"},{"predicate":{"custom_model_data":258},"model":"modelengine:manticore_venom/chest"},{"predicate":{"custom_model_data":259},"model":"modelengine:manticore_venom/head"},{"predicate":{"custom_model_data":260},"model":"modelengine:manticore_venom/jaw"},{"predicate":{"custom_model_data":261},"model":"modelengine:manticore_venom/left_braid"},{"predicate":{"custom_model_data":262},"model":"modelengine:manticore_venom/left_braid_end"},{"predicate":{"custom_model_data":263},"model":"modelengine:manticore_venom/right_braid"},{"predicate":{"custom_model_data":264},"model":"modelengine:manticore_venom/right_braid_end"},{"predicate":{"custom_model_data":265},"model":"modelengine:manticore_venom/left_arm"},{"predicate":{"custom_model_data":266},"model":"modelengine:manticore_venom/left_hand"},{"predicate":{"custom_model_data":267},"model":"modelengine:manticore_venom/left_wrist"},{"predicate":{"custom_model_data":268},"model":"modelengine:manticore_venom/right_arm"},{"predicate":{"custom_model_data":269},"model":"modelengine:manticore_venom/right_hand"},{"predicate":{"custom_model_data":270},"model":"modelengine:manticore_venom/right_wrist"},{"predicate":{"custom_model_data":271},"model":"modelengine:manticore_venom/left_wing"},{"predicate":{"custom_model_data":272},"model":"modelengine:manticore_venom/left_wing_end"},{"predicate":{"custom_model_data":273},"model":"modelengine:manticore_venom/right_wing"},{"predicate":{"custom_model_data":274},"model":"modelengine:manticore_venom/right_wing_end"},{"predicate":{"custom_model_data":275},"model":"modelengine:manticore_venom/tail"},{"predicate":{"custom_model_data":276},"model":"modelengine:manticore_venom/tail_2"},{"predicate":{"custom_model_data":277},"model":"modelengine:manticore_venom/tail_3"},{"predicate":{"custom_model_data":278},"model":"modelengine:manticore_venom/tail_end"},{"predicate":{"custom_model_data":279},"model":"modelengine:panda_normal/upper_body"},{"predicate":{"custom_model_data":280},"model":"modelengine:panda_normal/chest"},{"predicate":{"custom_model_data":281},"model":"modelengine:panda_normal/left_wrist"},{"predicate":{"custom_model_data":282},"model":"modelengine:panda_normal/left_hand"},{"predicate":{"custom_model_data":283},"model":"modelengine:panda_normal/left_arm"},{"predicate":{"custom_model_data":284},"model":"modelengine:panda_normal/right_wrist"},{"predicate":{"custom_model_data":285},"model":"modelengine:panda_normal/right_hand"},{"predicate":{"custom_model_data":286},"model":"modelengine:panda_normal/right_arm"},{"predicate":{"custom_model_data":287},"model":"modelengine:panda_normal/head"},{"predicate":{"custom_model_data":288},"model":"modelengine:panda_normal/bamboo"},{"predicate":{"custom_model_data":289},"model":"modelengine:panda_normal/stomach"},{"predicate":{"custom_model_data":290},"model":"modelengine:panda_normal/left_thigh"},{"predicate":{"custom_model_data":291},"model":"modelengine:panda_normal/left_leg"},{"predicate":{"custom_model_data":292},"model":"modelengine:panda_normal/left_ankle"},{"predicate":{"custom_model_data":293},"model":"modelengine:panda_normal/left_foot"},{"predicate":{"custom_model_data":294},"model":"modelengine:panda_normal/right_thigh"},{"predicate":{"custom_model_data":295},"model":"modelengine:panda_normal/right_leg"},{"predicate":{"custom_model_data":296},"model":"modelengine:panda_normal/right_ankle"},{"predicate":{"custom_model_data":297},"model":"modelengine:panda_normal/right_foot"},{"predicate":{"custom_model_data":298},"model":"modelengine:sabertooth_arctic/upper_body"},{"predicate":{"custom_model_data":299},"model":"modelengine:sabertooth_arctic/stomach"},{"predicate":{"custom_model_data":300},"model":"modelengine:sabertooth_arctic/chest"},{"predicate":{"custom_model_data":301},"model":"modelengine:sabertooth_arctic/left_arm"},{"predicate":{"custom_model_data":302},"model":"modelengine:sabertooth_arctic/left_wrist"},{"predicate":{"custom_model_data":303},"model":"modelengine:sabertooth_arctic/left_hand"},{"predicate":{"custom_model_data":304},"model":"modelengine:sabertooth_arctic/right_arm"},{"predicate":{"custom_model_data":305},"model":"modelengine:sabertooth_arctic/right_wrist"},{"predicate":{"custom_model_data":306},"model":"modelengine:sabertooth_arctic/right_hand"},{"predicate":{"custom_model_data":307},"model":"modelengine:sabertooth_arctic/head"},{"predicate":{"custom_model_data":308},"model":"modelengine:sabertooth_arctic/jaw"},{"predicate":{"custom_model_data":309},"model":"modelengine:sabertooth_arctic/neck"},{"predicate":{"custom_model_data":310},"model":"modelengine:sabertooth_arctic/tail"},{"predicate":{"custom_model_data":311},"model":"modelengine:sabertooth_arctic/tail_mid"},{"predicate":{"custom_model_data":312},"model":"modelengine:sabertooth_arctic/tail_end"},{"predicate":{"custom_model_data":313},"model":"modelengine:sabertooth_arctic/left_thigh"},{"predicate":{"custom_model_data":314},"model":"modelengine:sabertooth_arctic/left_ankle"},{"predicate":{"custom_model_data":315},"model":"modelengine:sabertooth_arctic/left_foot"},{"predicate":{"custom_model_data":316},"model":"modelengine:sabertooth_arctic/left_leg"},{"predicate":{"custom_model_data":317},"model":"modelengine:sabertooth_arctic/right_thigh"},{"predicate":{"custom_model_data":318},"model":"modelengine:sabertooth_arctic/right_ankle"},{"predicate":{"custom_model_data":319},"model":"modelengine:sabertooth_arctic/right_foot"},{"predicate":{"custom_model_data":320},"model":"modelengine:sabertooth_arctic/right_leg"},{"predicate":{"custom_model_data":321},"model":"modelengine:sabertooth_midnight/upper_body"},{"predicate":{"custom_model_data":322},"model":"modelengine:sabertooth_midnight/stomach"},{"predicate":{"custom_model_data":323},"model":"modelengine:sabertooth_midnight/chest"},{"predicate":{"custom_model_data":324},"model":"modelengine:sabertooth_midnight/left_arm"},{"predicate":{"custom_model_data":325},"model":"modelengine:sabertooth_midnight/left_wrist"},{"predicate":{"custom_model_data":326},"model":"modelengine:sabertooth_midnight/left_hand"},{"predicate":{"custom_model_data":327},"model":"modelengine:sabertooth_midnight/right_arm"},{"predicate":{"custom_model_data":328},"model":"modelengine:sabertooth_midnight/right_wrist"},{"predicate":{"custom_model_data":329},"model":"modelengine:sabertooth_midnight/right_hand"},{"predicate":{"custom_model_data":330},"model":"modelengine:sabertooth_midnight/head"},{"predicate":{"custom_model_data":331},"model":"modelengine:sabertooth_midnight/jaw"},{"predicate":{"custom_model_data":332},"model":"modelengine:sabertooth_midnight/neck"},{"predicate":{"custom_model_data":333},"model":"modelengine:sabertooth_midnight/tail"},{"predicate":{"custom_model_data":334},"model":"modelengine:sabertooth_midnight/tail_mid"},{"predicate":{"custom_model_data":335},"model":"modelengine:sabertooth_midnight/tail_end"},{"predicate":{"custom_model_data":336},"model":"modelengine:sabertooth_midnight/left_thigh"},{"predicate":{"custom_model_data":337},"model":"modelengine:sabertooth_midnight/left_ankle"},{"predicate":{"custom_model_data":338},"model":"modelengine:sabertooth_midnight/left_foot"},{"predicate":{"custom_model_data":339},"model":"modelengine:sabertooth_midnight/left_leg"},{"predicate":{"custom_model_data":340},"model":"modelengine:sabertooth_midnight/right_thigh"},{"predicate":{"custom_model_data":341},"model":"modelengine:sabertooth_midnight/right_ankle"},{"predicate":{"custom_model_data":342},"model":"modelengine:sabertooth_midnight/right_foot"},{"predicate":{"custom_model_data":343},"model":"modelengine:sabertooth_midnight/right_leg"},{"predicate":{"custom_model_data":344},"model":"modelengine:sabertooth_savanna/upper_body"},{"predicate":{"custom_model_data":345},"model":"modelengine:sabertooth_savanna/stomach"},{"predicate":{"custom_model_data":346},"model":"modelengine:sabertooth_savanna/chest"},{"predicate":{"custom_model_data":347},"model":"modelengine:sabertooth_savanna/left_arm"},{"predicate":{"custom_model_data":348},"model":"modelengine:sabertooth_savanna/left_wrist"},{"predicate":{"custom_model_data":349},"model":"modelengine:sabertooth_savanna/left_hand"},{"predicate":{"custom_model_data":350},"model":"modelengine:sabertooth_savanna/right_arm"},{"predicate":{"custom_model_data":351},"model":"modelengine:sabertooth_savanna/right_wrist"},{"predicate":{"custom_model_data":352},"model":"modelengine:sabertooth_savanna/right_hand"},{"predicate":{"custom_model_data":353},"model":"modelengine:sabertooth_savanna/head"},{"predicate":{"custom_model_data":354},"model":"modelengine:sabertooth_savanna/jaw"},{"predicate":{"custom_model_data":355},"model":"modelengine:sabertooth_savanna/neck"},{"predicate":{"custom_model_data":356},"model":"modelengine:sabertooth_savanna/tail"},{"predicate":{"custom_model_data":357},"model":"modelengine:sabertooth_savanna/tail_mid"},{"predicate":{"custom_model_data":358},"model":"modelengine:sabertooth_savanna/tail_end"},{"predicate":{"custom_model_data":359},"model":"modelengine:sabertooth_savanna/left_thigh"},{"predicate":{"custom_model_data":360},"model":"modelengine:sabertooth_savanna/left_ankle"},{"predicate":{"custom_model_data":361},"model":"modelengine:sabertooth_savanna/left_foot"},{"predicate":{"custom_model_data":362},"model":"modelengine:sabertooth_savanna/left_leg"},{"predicate":{"custom_model_data":363},"model":"modelengine:sabertooth_savanna/right_thigh"},{"predicate":{"custom_model_data":364},"model":"modelengine:sabertooth_savanna/right_ankle"},{"predicate":{"custom_model_data":365},"model":"modelengine:sabertooth_savanna/right_foot"},{"predicate":{"custom_model_data":366},"model":"modelengine:sabertooth_savanna/right_leg"}]}